site,reconstruction_error,is_anomaly
S0716,0.5144747,True
S0720,0.4822336,True
S0723,0.3271813,True
S0719,0.28884235,True
S1283,0.26768804,True
S0920,0.24397406,True
S1047,0.2429567,True
S0727,0.23062812,True
S0729,0.23013274,True
S1050,0.2258353,True
S0864,0.21242912,True
S0979,0.20262222,True
S1013,0.19026044,True
S1004,0.18797658,True
S0780,0.18782037,True
S1272,0.17832413,True
S1197,0.1702689,True
S1124,0.17024437,True
S0262,0.16523345,True
S0924,0.16477105,True
S0793,0.16440341,True
S1437,0.16310728,True
S0674,0.16306214,True
S0871,0.1624831,True
S0167,0.16210759,True
S1266,0.15757245,True
S0642,0.15553516,True
S0096,0.15253884,True
S0761,0.1522345,True
S0540,0.15209939,True
S1278,0.15004407,True
S1302,0.14846817,True
S1424,0.1455968,True
S1106,0.14487046,True
S1344,0.14453305,True
S1218,0.14409219,True
S0471,0.14252853,True
S0588,0.14239024,True
S0596,0.14217806,True
S0098,0.14106536,True
S0753,0.14072444,True
S0603,0.14061987,True
S0211,0.14052597,True
S0499,0.13894702,True
S0692,0.13835666,True
S0382,0.13833258,True
S1242,0.13829626,True
S0078,0.13742577,True
S0454,0.13658963,True
S0438,0.1364061,True
S1476,0.13608868,True
S1063,0.13605183,True
S1396,0.13546886,True
S0748,0.135467,True
S1465,0.13466626,True
S0675,0.13463661,True
S1362,0.13356191,True
S1137,0.1332205,True
S0251,0.13230461,True
S0328,0.13023135,True
S0445,0.13017765,True
S0461,0.12987444,True
S0479,0.12932228,True
S0682,0.12910111,True
S0746,0.12903094,True
S0215,0.12890688,True
S0132,0.12882704,True
S0175,0.12824927,True
S0726,0.12813404,True
S0075,0.12779695,True
S1394,0.12765375,True
S0384,0.1271187,True
S0424,0.12687075,True
