model_name,lr,architecture,mean_val_loss,std_val_loss,mean_sep_ratio,mean_best_epoch,num_params
SDA_24_4_24,0.001,24 -> 4 -> 24,0.025634514167904854,0.0005000298263762947,3.3897833029429116,300.0,220
SDA_24_4_24,0.0005,24 -> 4 -> 24,0.029363416756192844,0.003182582631411405,3.5915051301320395,300.0,220
SDA_24_6_24,0.001,24 -> 6 -> 24,0.02338913269340992,0.004742301134150523,3.3662358125050864,300.0,318
SDA_24_6_24,0.0005,24 -> 6 -> 24,0.020156513278683025,0.0022558741745823427,3.297182559967041,300.0,318
SDA_24_8_24,0.001,24 -> 8 -> 24,0.014558002973596254,0.0016099588074554485,3.2593467235565186,300.0,416
SDA_24_8_24,0.0005,24 -> 8 -> 24,0.013650635878245035,0.003197621968507763,3.207073529561361,300.0,416
SDA_24_12_4_12_24,0.001,24 -> 12 -> 4 -> 12 -> 24,0.02213434937099616,0.002717081189531927,3.147193113962809,299.0,724
SDA_24_12_4_12_24,0.0005,24 -> 12 -> 4 -> 12 -> 24,0.025135645642876625,0.002989873486329952,3.333089033762614,299.0,724
SDA_24_12_6_12_24,0.001,24 -> 12 -> 6 -> 12 -> 24,0.020489188532034557,0.0012701391298208988,3.2578486601511636,300.0,774
SDA_24_12_6_12_24,0.0005,24 -> 12 -> 6 -> 12 -> 24,0.02313942400117715,0.0019326251704687488,3.4608956972757974,298.6666666666667,774
SDA_24_16_8_16_24,0.001,24 -> 16 -> 8 -> 16 -> 24,0.018124884615341823,0.0016935863531941505,3.1309540271759033,244.0,1088
SDA_24_16_8_16_24,0.0005,24 -> 16 -> 8 -> 16 -> 24,0.01617257669568062,0.004108166676167548,3.066408634185791,299.6666666666667,1088
